S,B,status,latency_s,latency_p25_s,latency_p75_s,n_reps,memory_peak_bytes,memory_static_bytes,energy_j,power_w,energy_window_s,sm_clock_mhz,temp_c,flops_counted,is_validation,is_probe
64,2,ok,0.0007706275000600726,0.0007440290005433781,0.0009247177499673853,300,24117248,13828096,0.03152619414483821,62.393734503550924,1.3117022189999261,1590.0,48.0,145723392,0,0
512,128,ok,0.2426060010002402,0.24236273149927,0.2427684972503812,10,3092348928,416382976,16.88188888888889,69.12952680142301,2.197859685000367,855.0,52.0,594356207616,0,0
224,9,ok,0.0025735699991855654,0.0025324337493657367,0.002591753999240609,212,44666880,19148800,0.17725192802056552,69.80784105713286,1.9754514380001638,1065.0,53.0,8001275904,1,0
384,8,ok,0.00619686299978639,0.006110048499976983,0.006220053499873757,94,95125504,28409856,0.42473374613003095,68.85242607660682,1.9925078579999536,1020.0,55.0,20896432128,0,0
336,1,ok,0.0007397925000987016,0.0007310847504413687,0.0007448012497661693,300,21962752,15084544,0.04829437869822485,67.49016238039076,1.9349190369994176,1230.0,56.0,1999927296,1,0
336,32,ok,0.017669682998530334,0.01764561199979653,0.01778854650001449,27,355565568,57769984,1.204394736842105,68.03626354403384,2.0180561489996762,960.0,57.0,63997673472,1,0
176,2,ok,0.0005541669988815556,0.0005449134987429716,0.0005718674997297057,300,19311616,14473216,0.03439639889196676,67.77299710820809,1.8321603780004807,1365.0,58.0,1097920512,1,0
400,64,ok,0.04951710850036761,0.04927298049960882,0.04966076924893059,10,983007232,137461760,3.3476097560975613,67.7205638045098,2.026740362000055,885.0,58.0,181390934016,1,0
176,1,ok,0.0005277780001051724,0.0005047909990025801,0.0005387720002545393,300,17700864,14101504,0.032459894459102905,66.46930307182303,1.8508242799998698,1590.0,60.0,548960256,1,0
384,256,ok,0.28423955050038785,0.28385051375062176,0.28440953174913375,10,3384287232,466714624,18.786375,66.0382121901981,2.275818726999205,750.0,62.0,668685828096,0,0
336,128,ok,0.10839411000051768,0.10811545274964374,0.10854725124909237,10,1367179264,187793408,7.1644736842105265,65.41090293838543,2.081075079000584,915.0,63.0,255990693888,1,0
176,32,ok,0.005791283998405561,0.005736069999329629,0.005845100000442471,93,82739200,26312704,0.3916878612716763,67.38927329882627,2.011061900000641,990.0,64.0,17566728192,1,0
32,2,ok,0.0004936374998578685,0.0004687802502303384,0.0005083204991933599,300,18874368,13754368,0.028693978282329714,52.091422238151566,2.2319989549996535,1590.0,64.0,36900864,0,0
288,64,ok,0.025693036000120628,0.02551606674978757,0.025734966999152675,18,473079808,77430784,1.7452307692307691,67.6890512567475,2.0110785640008544,915.0,65.0,94042718208,1,0
336,64,ok,0.037061100998471375,0.036434778001421364,0.037270975999490474,13,692092928,100433920,2.519648148148148,67.86444598209332,2.0048936970015347,855.0,66.0,127995346944,1,0
400,8,ok,0.0070804869992571184,0.007067982000080519,0.007114899999578483,77,102244352,29089792,0.4761766784452297,66.75166015468508,2.0187962319996586,945.0,67.0,22673866752,1,0
400,1,ok,0.0009543844998916029,0.0009466887495364062,0.0009603207508916967,300,24609792,15649792,0.06410257633587786,68.44154773325596,1.963120420999985,1020.0,68.0,2834233344,1,0
512,32,ok,0.04106965549999586,0.04080725850053568,0.0413091279992841,12,784355328,114393088,2.771959183673469,66.9525321817346,2.0286910080012603,870.0,69.0,148589051904,0,0
336,9,ok,0.005966229999103234,0.0059433189999253955,0.0060623789995588595,95,84772864,26312704,0.4004315476190476,67.35918611960057,1.9974261529987416,975.0,69.0,17999345664,1,0
32,256,ok,0.00425503899987234,0.00423796824998135,0.004271734000212746,126,103669760,16875520,0.28639065817409765,67.18629303114177,2.007701182999881,1050.0,70.0,4723310592,0,0
176,8,ok,0.0016640254989397363,0.0016310607511513808,0.0016992272494462668,300,30580736,16703488,0.10601497504159735,63.99307570314709,1.9913091939997685,1065.0,71.0,4391682048,1,0
400,32,ok,0.027185575999283174,0.026991875249677832,0.027247736250046728,18,499458048,75169792,1.8285405405405406,66.86657211291663,2.0236120339995978,795.0,72.0,90695467008,1,0
64,9,ok,0.0006679225007246714,0.0006521304990201315,0.0007044284993753536,300,18006528,14172160,0.04554290484140234,70.08236307165417,1.9462956730003498,1425.0,72.0,655755264,1,0
32,16,ok,0.0004907064994768007,0.00047294399973907275,0.0005114642499393085,300,14843904,13926400,0.030118253189401374,69.9840857892757,1.7541416539988859,1575.0,73.0,295206912,0,0
400,256,ok,0.34701713749927876,0.346238872999038,0.34757201825004813,10,3883048960,505249792,23.394166666666667,67.06917062863063,2.0928393579997646,615.0,74.0,725563736064,1,0
224,4,ok,0.0013635204995807726,0.001354110750980908,0.0014115965000200958,300,27377664,16138240,0.09085207907293796,67.64565034026089,1.97026711000035,1080.0,75.0,3556122624,0,0
512,50,ok,0.07300554100038426,0.07155519075058692,0.07355729524942944,10,1421475840,171016192,4.78125,65.3623353995171,2.048197929001617,765.0,76.0,232170393600,1,0
288,8,ok,0.004229047498483851,0.004212716500660463,0.004256975499629334,124,58851328,21692416,0.26649260042283296,63.39835125105059,1.9882378250003967,930.0,76.0,11755339776,1,0
400,4,ok,0.0038262500011114753,0.0038117100011731964,0.003846882750167424,162,57741312,21409792,0.25421988527724665,67.38040781497068,1.973229375000301,870.0,77.0,11336933376,1,0
64,256,ok,0.01030637499934528,0.010230346249045397,0.010361194000324758,50,138272768,26312704,0.6814102564102564,65.95380279075488,2.014667757999632,885.0,78.0,18652594176,0,0
384,9,ok,0.008254903001216007,0.008080778499788721,0.008360963000086485,71,104824832,30507008,0.519962962962963,62.86315401540984,2.009937331000401,855.0,78.0,23508486144,1,0
384,4,ok,0.0035811830002785427,0.0035682849993463606,0.0036478949987213127,153,53837824,20807680,0.23508050089445437,65.58558376941802,2.003641539000455,885.0,79.0,10448216064,0,0
512,209,ok,0.48963362199992844,0.4875670945002639,0.49332551574980243,10,5259292672,672235520,33.1144,66.40040211826275,2.493539115999738,600.0,80.0,970472245248,1,0
64,64,ok,0.0018253630005347077,0.001783077000254707,0.0018880930010709562,263,32210944,16875520,0.11377737226277372,64.63851910938678,1.9291902370005118,975.0,81.0,4663148544,0,0
176,50,ok,0.009966911000446999,0.009931607500220707,0.010138104500583722,59,175570944,32604160,0.655860696517413,65.27818425131954,2.0194801910001843,690.0,81.0,27448012800,1,0
128,209,ok,0.03254907700102194,0.03232290049891162,0.033151892999740085,15,372736000,55672832,2.1457258064516127,65.96245015720848,2.016829266998684,675.0,80.0,60715911168,1,0
32,209,ok,0.0038504379999722005,0.0038230862501222873,0.003897276500083535,128,88834048,16297984,0.2528576923076923,65.76842094157577,1.9992269560007117,1050.0,80.0,3856140288,1,0
128,8,ok,0.001075231500180962,0.0010638275007295306,0.0010935162495115947,300,22642688,15302656,0.07148307361633531,68.10993375831005,1.9531658990017604,1155.0,80.0,2324054016,0,0
224,32,ok,0.010355782999795338,0.010319452000203455,0.010515180249512923,60,174673920,32997376,0.6853298969072166,66.20918098283168,2.0080900869998004,735.0,78.0,28448980992,0,0
224,16,ok,0.00515434700082551,0.005091113750040677,0.005170287249711691,110,68780032,23822336,0.34187146529562984,66.76082619856984,1.9920065040005284,840.0,78.0,14224490496,0,0
256,9,ok,0.0035857769998983713,0.0035586369995144196,0.003603995999583276,149,53837824,20807680,0.22514874551971326,63.206183916341196,1.9876694370013865,915.0,77.0,10449782784,1,0
32,64,ok,0.0008994950003398117,0.000882395750068099,0.0009332715007985826,300,18186240,14516224,0.05685926258992806,66.2392760822693,1.9090637379995314,1200.0,77.0,1180827648,0,0
384,2,ok,0.0019098689999736962,0.0018740082505246392,0.0019249754991506052,300,33783808,17268736,0.12634923664122136,67.57824576155593,1.9594175389993325,975.0,76.0,5224108032,0,0
32,128,ok,0.0023957835001056083,0.0023651222504668112,0.002422576249955455,226,59342848,15302656,0.15982634730538925,66.57043033162405,2.0047189019987854,1050.0,76.0,2361655296,0,0
400,50,ok,0.04769191899958969,0.04737915549912941,0.04793249874956018,10,902995968,110198784,3.1848333333333336,67.0182672272874,1.9959185089992388,735.0,76.0,141711667200,1,0
64,209,ok,0.008840187500027241,0.008784181748978881,0.008904122499643563,64,116408320,24002560,0.5853700440528634,67.08531564202895,1.980746437999187,900.0,75.0,15228094464,1,0
64,50,ok,0.001399511999807146,0.001374328500332922,0.0014375175001077878,300,27656192,16187392,0.08876573426573427,64.54415665587939,1.9666381370007002,1080.0,75.0,3643084800,1,0
288,1,ok,0.0007137575003071106,0.0007011727502685972,0.0007192322491391678,300,20404736,14725120,0.045186585800927576,65.76770179860287,1.9258389229999011,1200.0,76.0,1469417472,1,0
384,128,ok,0.1542278865008484,0.15241923974963356,0.15500611674997344,10,1699840000,240222208,10.289153846153845,66.09635522009589,2.0236970639998617,735.0,75.0,334342914048,0,0
256,256,ok,0.1390665299995817,0.1378482482491563,0.1396756109988928,10,1683062784,215056384,9.370733333333334,67.20636766813304,2.0914833650003857,735.0,75.0,297238265856,0,0
176,64,ok,0.011157929999171756,0.011044018000575306,0.011299046000203816,47,191234048,37519360,0.7446777777777778,66.31503034668445,2.021291392000421,810.0,75.0,35133456384,1,0
32,4,ok,0.0004862374998992891,0.0004651122508221306,0.0004953649995513842,300,19095552,13778944,0.027735294117647056,61.40983552202669,1.858057411000118,1590.0,75.0,73801728,0,0
32,9,ok,0.0004994945002181339,0.0004790419998244033,0.0005094752496006549,300,19648512,13840384,0.032550561797752814,70.1000822474167,1.8596982460003346,1590.0,76.0,166053888,1,0
128,2,ok,0.0005131070001880289,0.0004904397501377389,0.0005215757500991458,300,17794048,14123008,0.03324345818368394,68.56319582084159,1.889978995999627,1440.0,76.0,581013504,0,0
384,32,ok,0.02631575099985639,0.02618408600028488,0.026420445001349435,17,436260864,70352896,1.7374805194805194,66.16378382928448,2.022042758999305,765.0,76.0,83585728512,0,0
288,128,ok,0.09106191350019799,0.09040441900060614,0.0914641005001613,10,930521088,141656064,6.388999999999999,68.74234378651322,2.0447077049993823,720.0,76.0,188085436416,1,0
288,4,ok,0.002293265500156849,0.002275584500239347,0.002316530500593217,196,36290560,17711104,0.15221649484536082,66.94069349301436,1.9851153769996017,1050.0,77.0,5877669888,1,0
224,50,ok,0.01636115100063762,0.01632444625010976,0.0164641199999096,30,310468608,43835392,1.0850243902439025,66.10030142592129,2.019022562999453,720.0,77.0,44451532800,1,0
64,16,ok,0.0006107624994911021,0.0006034802490830771,0.0006370207502186531,300,19497472,14516224,0.03888885496183206,68.31672145937128,1.8642727180013026,1245.0,78.0,1165787136,0,0
288,256,ok,0.18986018899977353,0.18859599325060117,0.1905206715005079,10,1844543488,269582336,12.135909090909092,63.75689778521527,2.0938126639994152,705.0,77.0,376170872832,1,0
384,16,ok,0.01356255550035712,0.01352803875124664,0.013693993499146018,36,227639296,43089920,0.9028918918918918,66.12252207238055,2.0209150499995303,750.0,78.0,41792864256,0,0
256,64,ok,0.024493832000189286,0.0241093529994032,0.024674152500210766,20,431923200,64061440,1.6176585365853657,66.02161124927595,2.0091602960001183,735.0,78.0,74309566464,0,0
32,8,ok,0.0005007794998164172,0.0004787474995282537,0.0005154082509761793,300,19537920,13828096,0.03179719579369054,67.71929183089462,1.8753592450011638,1590.0,78.0,147603456,0,0
512,8,ok,0.012481084500905126,0.012468695499592286,0.012660375000905333,38,156336128,38895616,0.8257950310559007,66.13543598531433,2.010314107999875,825.0,78.0,37147262976,0,0
336,50,ok,0.03559701300036977,0.03521769350027171,0.03603809899959742,14,635254784,81467392,2.336140350877193,65.86647532296895,2.021665791999112,720.0,78.0,99996364800,1,0
64,8,ok,0.0005186465004953789,0.0004995550007151905,0.0005611382503047935,300,17793536,14123008,0.031653616800622245,68.00102211846877,1.79538477800088,1410.0,78.0,582893568,0,0
288,209,ok,0.15958956699978444,0.1586480360006135,0.16056709000031333,10,1569533952,221753344,10.758923076923079,67.18905089690409,2.081678460001058,735.0,77.0,307108251648,1,0
128,32,ok,0.0033034919997589896,0.003283502500380564,0.0033219039996765787,167,49381376,20021248,0.21765346534653465,65.50598466342203,2.0135259499984386,915.0,77.0,9296216064,0,0
256,32,ok,0.011998096000752412,0.011848013000417268,0.012168353001470678,45,223518720,38895616,0.7980119760479042,65.85449766385327,2.02367347299878,780.0,77.0,37154783232,0,0
128,256,ok,0.03616221099946415,0.03593958600140468,0.036607336998713436,13,431923200,64061440,2.507767857142857,68.20080459517546,2.059139929999219,735.0,77.0,74369728512,0,0
128,9,ok,0.0010523194996494567,0.0010419922514302016,0.0010581439992165542,300,23822336,15499264,0.06999263545502368,68.13105885180396,1.9529419070004224,1095.0,77.0,2614560768,1,0
64,32,ok,0.0010076965008920524,0.0010039389994744852,0.0010141297502741509,300,22642688,15302656,0.06379647355163728,64.69869492941186,1.957319233999442,1170.0,77.0,2331574272,0,0
32,32,ok,0.0006462744995587855,0.0006391707511284039,0.0006613734999518783,300,15958016,14123008,0.03950468497576737,68.52263487084969,1.7843301010016148,1350.0,77.0,590413824,0,0
256,50,ok,0.019780242000706494,0.01974085700021533,0.020057945500411734,23,400465920,53575680,1.3060490196078434,66.33395903353383,2.008277539000119,735.0,77.0,58054348800,1,0
256,16,ok,0.005981795500701992,0.00593515149967061,0.006015899999965768,92,119316480,26312704,0.39842985074626863,66.52578986427012,2.006349721999868,870.0,77.0,18577391616,0,0
400,128,ok,0.1782846050000444,0.17782479249899552,0.17884499424917522,10,1948557312,259489792,11.689833333333333,65.08825726500525,2.1551967420000437,690.0,76.0,362781868032,1,0
128,1,ok,0.0006245119993764092,0.0006174567497509997,0.0006799202506044821,300,24412160,13926400,0.038328442085544805,68.35145732080109,1.7960992320004152,1380.0,77.0,290506752,0,0
512,4,ok,0.00639458800014836,0.006249768999623484,0.0064472784997633426,110,85032960,26312704,0.40206709265175716,64.15675606641689,1.9615549119989737,900.0,76.0,18573631488,0,0
224,128,ok,0.055931511999006034,0.05530386799955522,0.05709955874908701,10,655458304,91324416,3.7180555555555554,65.39690262097044,2.04673301999901,765.0,76.0,113795923968,0,0
64,128,ok,0.005378490999646601,0.0052458400009527395,0.005423494498700165,98,76644352,20021248,0.34013172043010753,63.15755890549482,2.0033864859997266,945.0,76.0,9326297088,0,0
336,8,ok,0.005517529000826471,0.0055022749997988285,0.0055646739997428085,100,75833344,24567808,0.3683002754820937,66.99281411484031,1.9956319459997758,885.0,76.0,15999418368,1,0
336,209,ok,0.20855196599950432,0.20776868925031522,0.20867613350083047,10,2318582784,296872960,13.4011,64.25452988201863,2.085627274000217,675.0,76.0,417984804864,1,0
336,2,ok,0.0015421499992953613,0.0015072589994815644,0.0015977820003172383,269,29241344,16439296,0.10201927525057825,67.09121618194126,1.9722253899999487,990.0,77.0,3999854592,1,0
176,256,ok,0.07063531600033457,0.07003399224959139,0.07096106199969654,10,717586432,108888064,4.6146551724137925,65.01089229626434,2.05850120300056,690.0,77.0,140533825536,1,0
32,1,ok,0.0004846265001106076,0.00045923625157229253,0.0005075935000604659,300,18763776,13742080,0.027576205476132785,59.735388714604014,1.905185559999154,1590.0,77.0,18450432,0,0
256,1,ok,0.0005855965000591823,0.0005749494998781302,0.0006013702495692996,300,19499008,14516224,0.039038056206088995,66.88508300473282,1.993777894998857,1260.0,77.0,1161086976,0,0
256,209,ok,0.12114767450020736,0.12104514400061817,0.1215689334990202,10,1439604736,178094080,7.839,64.65646326292885,2.061093249998521,720.0,77.0,242667177984,1,0
256,4,ok,0.001687669999228092,0.0016807729998618015,0.0017084065007111349,286,32210944,16875520,0.11162310286677908,67.26627531985203,1.968073887999708,1005.0,77.0,4644347904,0,0
176,128,ok,0.03334069999982603,0.03300480524967497,0.033554188500147575,14,366837760,61964288,2.2281,66.59510329086952,2.0074448929990467,825.0,77.0,70266912768,1,0
336,4,ok,0.002933739000582136,0.0029273275004015886,0.0029484184997272678,187,44666880,19148800,0.18453519061583576,63.79564740260542,1.9727521410004556,930.0,77.0,7999709184,1,0
512,9,ok,0.014041414999155677,0.013867569750345865,0.014079834250424028,36,175210496,43089920,0.9311538461538461,65.97863103395689,2.018153421999159,840.0,78.0,41790670848,1,0
128,4,ok,0.0006186564996824018,0.0006096634997447836,0.0006347389994516561,300,19497984,14516224,0.039070832044540676,67.24703948787592,1.8783875240005727,1245.0,78.0,1162027008,0,0
224,8,ok,0.0027015854993805988,0.0026466915001037705,0.002712115499889478,244,41025536,18546688,0.16948987854251013,63.569386169203725,1.9756679680012894,915.0,78.0,7112245248,0,0
224,2,ok,0.0008198875002563,0.0007974829995873733,0.0008339325008819287,300,21308928,14934016,0.05164918032786885,65.65802695626022,1.919399741998859,1095.0,78.0,1778061312,0,0
384,209,ok,0.26932215850047214,0.26847680400032914,0.26992855500020596,10,2884431872,383549440,17.4825,64.98888019862318,2.15206046899948,675.0,77.0,545919289344,1,0
512,64,ok,0.09428304250104702,0.09321714974885253,0.09537159224919378,10,1553596416,215056384,6.350681818181818,67.32931920957995,2.075098956000147,735.0,77.0,297178103808,0,0
176,16,ok,0.0033212329999514623,0.0032623419992887648,0.0033372650013916427,169,48529408,19677184,0.2188208955223881,66.62960621952871,1.9803358819990535,915.0,77.0,8783364096,1,0
176,9,ok,0.001891873000204214,0.0018778137491608504,0.0019258375004937989,264,32743424,17075200,0.12515500945179583,66.55612317238753,1.9895089090005058,960.0,77.0,4940642304,1,0
384,1,ok,0.0010169920005864697,0.0009988700007852458,0.0010237147503175947,300,23822336,15499264,0.06405744789018811,64.67797376304492,1.9481284379999124,1035.0,77.0,2612054016,0,0
256,2,ok,0.0009154499994110665,0.0008956080005191325,0.0009247759999198024,300,22906880,15302656,0.057738215102974826,65.49817428104667,1.9261300240013952,1050.0,77.0,2322173952,0,0
64,1,ok,0.0005028084997320548,0.0004847285003961588,0.0005164939993846929,300,23969792,13778944,0.032716691804927096,68.44288555869517,1.9015416860002006,1590.0,78.0,72861696,0,0
288,50,ok,0.024153577000106452,0.02394028399976378,0.024226460000136285,17,431923200,64061440,1.6086265060240963,66.58290560146929,2.0052594400003727,735.0,77.0,73470873600,1,0
128,64,ok,0.00629861100060225,0.006254986000385543,0.006337988499581115,87,119316480,26312704,0.4184496855345912,66.88040232664441,1.9896261890007736,885.0,77.0,18592432128,0,0
224,64,ok,0.019636762999653,0.018854291998650297,0.019987002000561915,25,335904768,52264960,1.2439705882352943,64.30687872391279,1.9731170680006471,720.0,77.0,56897961984,0,0
336,16,ok,0.010720354999648407,0.010700775999794132,0.01073191699833842,53,184664064,35405824,0.6801336898395722,63.5782402590568,2.000448572998721,765.0,77.0,31998836736,1,0
176,209,ok,0.05830971899922588,0.05770813124945562,0.059015527249812294,10,611697664,91417600,4.015742857142857,68.31126049390765,2.057508513000357,675.0,76.0,114732693504,1,0
224,209,ok,0.0991545295000833,0.09844212274947495,0.09941772925003534,10,1104936960,139571200,6.676523809523809,67.36474726318835,2.0813111560000834,675.0,76.0,185807407104,1,0
64,4,ok,0.0005409580007835757,0.0005224872497819888,0.0006100589998823125,300,24903680,13926400,0.034835316387236345,67.10070135212615,1.9198159990010026,1500.0,77.0,291446784,0,0
288,2,ok,0.0013000714998270269,0.0012839770001846773,0.0013180434998503188,300,25010176,15720448,0.08232358674463937,64.83723105861998,1.9540624719993502,1110.0,77.0,2938834944,1,0
176,4,ok,0.0010351245000492781,0.0010159319999729632,0.0010440384999128582,300,22155264,15216640,0.06574030005173305,65.52763784912749,1.9392733229997248,1185.0,77.0,2195841024,1,0
400,209,ok,0.30366154000057577,0.30321507200096676,0.30382527275060056,10,3313540096,415009792,19.996857142857145,65.93975687043111,2.1228164409985766,615.0,76.0,592354768896,1,0
128,50,ok,0.005026434999308549,0.004994162999537366,0.005161414499525563,103,70746112,23822336,0.3321030150753769,66.15751780499366,1.9979135310004494,885.0,76.0,14525337600,1,0
512,16,ok,0.02306621699972311,0.022849862249131547,0.023161637000612245,22,399734784,64061440,1.5353793103448277,66.62166094458149,2.0050235629987583,780.0,77.0,74294525952,0,0
400,9,ok,0.008810094999716966,0.008667187500122964,0.009016930500365561,60,111735808,31009792,0.5855745614035087,65.9885930435113,2.023243621999427,900.0,77.0,25508100096,1,0
384,64,ok,0.053836845499972696,0.05300142824899012,0.05412234950108541,10,857407488,126976000,3.5054736842105263,65.1019600900697,2.046144230000209,690.0,77.0,167171457024,0,0
224,1,ok,0.0005610554999293527,0.0005490839998856245,0.0005847915003869275,300,18699776,14331904,0.03349312762973352,64.0004804996686,1.8656578680001985,1380.0,77.0,889030656,0,0
288,16,ok,0.007530961999691499,0.007444843249231781,0.007634614500148018,82,130195456,30507008,0.5016541353383459,66.37772343504233,2.0103129950002767,825.0,77.0,23510679552,1,0
288,9,ok,0.004792178000570857,0.004702389000158291,0.004820855499929166,119,64491520,22687744,0.3164521531100478,67.03495282673164,1.97325416700005,900.0,77.0,13224757248,1,0
32,50,ok,0.0008080240004346706,0.0007980247501109261,0.0008381542497772898,300,17211392,14344192,0.05134006462035541,68.65414053965826,1.8515707719998318,1230.0,77.0,922521600,1,0
400,2,ok,0.00204253200081439,0.0019791304998761916,0.002053021248684672,300,35489792,17569792,0.13409387755102042,65.9758981958599,1.991818279000654,900.0,77.0,5668466688,1,0
384,50,ok,0.042797018999408465,0.04251217950059072,0.043539180000152555,11,783089664,102203392,2.836148936170213,65.21762152158522,2.0439107849997527,705.0,77.0,130602700800,1,0
256,8,ok,0.003345807000187051,0.0033263459990848787,0.003369756499523646,148,49381376,20021248,0.22134448160535117,66.83466628099994,1.9804692289999366,945.0,77.0,9288695808,0,0
512,256,ok,0.5707354205005686,0.5694073025001671,0.5716709277503469,10,6169042944,819036160,36.617,64.2046401155723,2.2812681409996003,585.0,77.0,1188712415232,0,0
256,128,ok,0.07157537900002353,0.07126131799941504,0.0717181362501833,10,848732160,114393088,4.771892857142857,66.18711285690976,2.018716245998803,705.0,77.0,148619132928,0,0
400,16,ok,0.015141730998948333,0.015073696500621736,0.01528723249975883,35,259096576,45187072,1.001390977443609,66.24629820362306,2.01045195900042,750.0,77.0,45347733504,1,0
512,2,ok,0.0032036619995778892,0.0031881970007816562,0.003255814999647555,175,49381376,20021248,0.2121216,66.59966920258526,1.9906405179990543,945.0,77.0,9286815744,0,0
288,32,ok,0.014889525000398862,0.014850115500394168,0.015037914999993518,32,243572736,45580288,0.9873925925925926,65.42389988858758,2.0374511489990255,750.0,77.0,47021359104,1,0
512,1,ok,0.0016692979997969815,0.0016158677503881336,0.0016923964985835482,300,32210944,16875520,0.1106188490408674,67.2138694852496,1.9732832080007938,990.0,77.0,4643407872,0,0
224,256,ok,0.1215772260002268,0.12105313649999516,0.12205403024972838,10,1292992512,168919040,8.252705882352942,67.8343093112945,2.0682159429998137,645.0,77.0,227591847936,0,0
128,16,ok,0.0017322820003755623,0.0016964494998319424,0.001744386499922257,255,32210944,16875520,0.1087047619047619,63.99299182295185,1.9619960939999146,990.0,77.0,4648108032,0,0
128,128,ok,0.017925044499861542,0.01760886674901485,0.018271494499003893,28,223518720,38895616,1.1907857142857143,65.56819936351602,2.0340348110003106,810.0,77.0,37184864256,0,0
336,256,ok,0.2551544289999583,0.2535359065004741,0.25541462824958217,10,2718269440,360546304,16.66075,65.06165941924554,2.048610521000228,660.0,77.0,511981387776,1,0
384,384,ok,0.4851810000000114,0.4851810000000114,0.4851810000000114,1,5068873728,693207040,,,,,,1003028742144,0,1
384,512,ok,0.6518153020006139,0.6518153020006139,0.6518153020006139,1,6753976320,919699456,,,,,,1337371656192,0,1
384,768,ok,0.9755375609984185,0.9755375609984185,0.9755375609984185,1,10122633216,1372684288,,,,,,2006057484288,0,1
384,1024,ok,1.3026100229999429,1.3026100229999429,1.3026100229999429,1,13492125696,1825669120,,,,,,2674743312384,0,1
384,1280,ok,1.7063420909998968,1.7063420909998968,1.7063420909998968,1,12848300032,2278653952,,,,,,3343429140480,0,1
384,1536,ok,2.050739080999847,2.050739080999847,2.050739080999847,1,15415214080,2731638784,,,,,,4012114968576,0,1
384,2048,OOM,,,,,,,,,,,,,0,1
512,384,ok,0.8545466729992768,0.8545466729992768,0.8545466729992768,1,9246007296,1221689344,,,,,,1783068622848,0,1
512,512,ok,1.1439702229999966,1.1439702229999966,1.1439702229999966,1,12324012032,1624342528,,,,,,2377424830464,0,1
512,768,ok,1.8023772609994921,1.8023772609994921,1.8023772609994921,1,13703938048,2429648896,,,,,,3566137245696,0,1
512,1024,OOM,,,,,,,,,,,,,0,1
512,1280,OOM,,,,,,,,,,,,,0,1
512,1536,OOM,,,,,,,,,,,,,0,1
512,2048,OOM,,,,,,,,,,,,,0,1
