S,B,status,is_validation,is_probe,flops,bytes_moved,memory_pred,latency_pred,regime_pred,energy_pred
64,2,ok,0,0,146045128.0,7160368.0,5020208.0,0.0005350926852109526,launch,0.030667513831306222
512,128,ok,0,0,595664974336.0,12219074320.0,3494266640.0,0.22541035834973372,memory,13.947407409890133
224,9,ok,1,0,8018897796.0,168615200.0,51157280.0,0.003201360492197452,memory,0.19753578111714928
384,8,ok,0,0,20942447392.0,433621904.0,126872464.0,0.008070301624275416,memory,0.4989242177354878
336,1,ok,1,0,2004331364.0,45264032.0,15905952.0,0.0009664527078863466,memory,0.059003458787984506
336,32,ok,1,0,64138603648.0,1319448848.0,379990288.0,0.024402866807136013,memory,1.509564371002009
176,2,ok,1,0,1100338888.0,26729008.0,10611248.0,0.0006659502731161558,memory,0.04015872415989596
400,64,ok,1,0,181790365952.0,3732071184.0,1069343504.0,0.06889431726267001,memory,4.262592885134336
176,1,ok,1,0,550169444.0,15445152.0,7386272.0,0.0005512779088713233,launch,0.03249689561397636
384,256,ok,0,0,670158316544.0,13746900752.0,3930918672.0,0.25357212986780797,memory,15.690072109184948
336,128,ok,1,0,256554414592.0,5265311504.0,1507477264.0,0.09716371692530812,memory,6.011870152568465
176,32,ok,1,0,17605422208.0,365244688.0,107360528.0,0.006807738538531977,memory,0.42080948406155594
32,2,ok,0,0,36982984.0,4923952.0,4381232.0,0.0005328883750666427,launch,0.030294516588660565
288,64,ok,1,0,94249818368.0,1936974608.0,556458768.0,0.035787802460770304,memory,2.214055728232938
336,64,ok,1,0,128277207296.0,2634736400.0,755819280.0,0.04865643956072745,memory,3.0103305115671195
400,8,ok,1,0,22723795744.0,470150032.0,137309072.0,0.008743575119312444,memory,0.5405869283482144
400,1,ok,1,0,2840474468.0,62409888.0,20804768.0,0.001266867811784956,memory,0.07768805450925621
512,32,ok,0,0,148916243584.0,3057889552.0,876687632.0,0.05646444330436165,memory,3.493444004589704
336,9,ok,1,0,18038982276.0,374085920.0,109863200.0,0.006973333060373624,memory,0.43104062264515963
32,256,ok,0,0,4733821952.0,101781264.0,32313104.0,0.0019478481146071834,memory,0.12009871905138764
176,8,ok,1,0,4401355552.0,94432144.0,29961104.0,0.0018431912490513575,memory,0.11343570170761957
400,32,ok,1,0,90895182976.0,1868116240.0,536752400.0,0.03452176212897611,memory,2.135693128124476
64,9,ok,1,0,657203076.0,17657120.0,8026400.0,0.0005621169374124649,launch,0.03334912356460054
32,16,ok,0,0,295863872.0,10262544.0,5920784.0,0.0005380317654066793,launch,0.031178287823621743
400,256,ok,1,0,727161463808.0,14915800848.0,4264890128.0,0.27512988578356573,memory,17.024004695916098
224,4,ok,0,0,3563954576.0,77251920.0,25048400.0,0.0015292174620423528,memory,0.09399046109478507
512,50,ok,1,0,232681630600.0,4775611696.0,1367483696.0,0.08814179229012105,memory,5.453561580156268
288,8,ok,1,0,11781227296.0,245762960.0,73198480.0,0.004614840576691032,memory,0.285054498894749
400,4,ok,1,0,11361897872.0,237155664.0,70735184.0,0.004457517401215144,memory,0.2753111877519973
64,256,ok,0,0,18693776384.0,388042512.0,114102032.0,0.0072003647789489955,memory,0.44527272803093493
384,9,ok,1,0,23560253316.0,487304480.0,142211360.0,0.009059685580341969,memory,0.5601485505511915
384,4,ok,0,0,10471223696.0,218891600.0,65516880.0,0.004122796385115825,memory,0.25458676263378316
512,209,ok,1,0,972609215908.0,19948823968.0,5702848928.0,0.3679584963574042,memory,22.76794027158543
64,64,ok,0,0,4673444096.0,100131600.0,31646480.0,0.001940794107960769,memory,0.11952060681600284
176,50,ok,1,0,27508472200.0,568354096.0,165410096.0,0.010549038307716528,memory,0.6523383462035159
128,209,ok,1,0,60849692068.0,1252386208.0,361009568.0,0.023144512811447155,memory,1.4318315030630655
32,209,ok,1,0,3864721828.0,83858848.0,27144608.0,0.0016253640697165364,memory,0.10009550899980729
128,8,ok,0,0,2329174816.0,51940240.0,17820560.0,0.00108237342822982,memory,0.06621997963216354
224,32,ok,0,0,28511636608.0,588886288.0,171258128.0,0.010929828368215022,memory,0.67588770641228
224,16,ok,0,0,14255818304.0,296523792.0,87709712.0,0.005545568250774606,memory,0.34267826276686275
256,9,ok,1,0,10472796036.0,218934560.0,65534240.0,0.004122980077627866,memory,0.2546018173285825
32,64,ok,0,0,1183455488.0,28566288.0,11199248.0,0.000685939843231619,memory,0.04147982888516519
384,2,ok,0,0,5235611848.0,111526448.0,34839088.0,0.002156906103261812,memory,0.1328568863978315
32,128,ok,0,0,2366910976.0,52971280.0,18237200.0,0.001082373634250035,memory,0.06633522829102766
400,50,ok,1,0,142023723400.0,2916590896.0,836334896.0,0.05385631592235337,memory,3.3320737687110284
64,209,ok,1,0,15261715876.0,317564320.0,93917600.0,0.005908910030856528,memory,0.3653105296999129
64,50,ok,1,0,3651128200.0,79138096.0,25634096.0,0.0015581223592259423,memory,0.09581465673775329
288,1,ok,1,0,1472653412.0,34361504.0,12790944.0,0.0007834757945241902,memory,0.04757170231042454
384,128,ok,0,0,335079158272.0,6875531024.0,1967539984.0,0.12686062122261052,memory,7.849430105093424
256,256,ok,0,0,297892865024.0,6113267472.0,1749880592.0,0.11278679117998998,memory,6.978675963115471
176,64,ok,1,0,35210844416.0,726328080.0,210559760.0,0.013460458469203096,memory,0.8325012108130946
32,4,ok,0,0,73965968.0,5686608.0,4601168.0,0.000533623145114696,launch,0.030420769622197235
32,9,ok,1,0,166423428.0,7593248.0,5151008.0,0.0005354600702350282,launch,0.030736402206050013
128,2,ok,0,0,582293704.0,16106032.0,7576112.0,0.0005540189623859969,launch,0.03272375788200039
384,32,ok,0,0,83769789568.0,1722003728.0,495005968.0,0.03182705177449508,memory,1.968952064669828
288,128,ok,1,0,188499636736.0,3869787920.0,1108756240.0,0.07142640399849974,memory,4.4193184242849455
288,4,ok,1,0,5890613648.0,124962128.0,38679888.0,0.002402668387583463,memory,0.14807625265782293
224,50,ok,1,0,44549432200.0,917794096.0,265250096.0,0.01699316601162857,memory,1.0510857443013701
64,16,ok,0,0,1168361024.0,28153872.0,11032592.0,0.000685939843231619,memory,0.0414337340213834
288,256,ok,1,0,376999273472.0,7735414544.0,2213351184.0,0.14270367387971386,memory,8.82984754527909
384,16,ok,0,0,41884894784.0,863082512.0,249583632.0,0.015988303634685033,memory,0.9888824439755995
256,64,ok,0,0,74473216256.0,1531437840.0,440591120.0,0.02830860969052271,memory,1.7512643902449418
32,8,ok,0,0,147931936.0,7211920.0,5041040.0,0.0005350926852109526,launch,0.030673275689278946
512,8,ok,0,0,37229060896.0,767593360.0,222292880.0,0.014228272346112871,memory,0.8799703338789826
336,50,ok,1,0,100216568200.0,2059298096.0,591394096.0,0.03804548488399368,memory,2.353744398674708
64,8,ok,0,0,584180512.0,16157584.0,7596944.0,0.0005540189623859969,launch,0.032729519739973116
288,209,ok,1,0,307784563108.0,6316004768.0,1807757728.0,0.11653154875724489,memory,7.210356239212111
128,32,ok,0,0,9316699264.0,195277072.0,58798352.0,0.003686838709414079,memory,0.22761361101648278
256,32,ok,0,0,37236608128.0,767799568.0,222376208.0,0.014229154070170667,memory,0.8800425964140195
128,256,ok,0,0,74533594112.0,1533087504.0,441257744.0,0.02831566369717643,memory,1.7518425024807343
128,9,ok,1,0,2620321668.0,57912608.0,19527968.0,0.001186865749752084,memory,0.07271993597986198
64,32,ok,0,0,2336722048.0,52146448.0,17903888.0,0.0010823734282863601,memory,0.06624302706721033
32,32,ok,0,0,591727744.0,16363792.0,7680272.0,0.0005540189623859969,launch,0.032752567171864005
256,50,ok,1,0,58182200200.0,1197346096.0,345122096.0,0.02214878505301242,memory,1.370101349941332
256,16,ok,0,0,18618304064.0,385980432.0,113268752.0,0.007191547324179688,memory,0.4445500907250688
400,128,ok,1,0,363580731904.0,7459981072.0,2134525712.0,0.1376394981987259,memory,8.516396343660004
128,1,ok,0,0,291146852.0,10133664.0,5868704.0,0.0005380317654066793,launch,0.031163883178689934
512,4,ok,0,0,18614530448.0,385877328.0,113227088.0,0.00719110646215079,memory,0.44451395945755035
224,128,ok,0,0,114046546432.0,2343061264.0,672548624.0,0.043269359372894375,memory,2.6770404851089005
64,128,ok,0,0,9346888192.0,196101904.0,59131664.0,0.0036903656056452624,memory,0.22790266115663044
336,8,ok,1,0,16034650912.0,332983184.0,98118544.0,0.0062168748693568615,memory,0.3842235059568311
336,209,ok,1,0,418905255076.0,8594633120.0,2458794400.0,0.15855576439773725,memory,9.810695131455608
336,2,ok,1,0,4008662728.0,86366768.0,27650608.0,0.0016962406111671233,memory,0.10433192270535228
176,256,ok,1,0,140843377664.0,2892828432.0,829755152.0,0.05339299622394275,memory,3.3035568193275497
32,1,ok,0,0,18491492.0,4542624.0,4271264.0,0.0005325209900426624,launch,0.03023139007189482
256,1,ok,0,0,1163644004.0,28024992.0,10980512.0,0.000685939843231619,memory,0.04141932937645159
256,209,ok,1,0,243201596836.0,4991673760.0,1429377440.0,0.09210722053981746,memory,5.6990482901339865
256,4,ok,0,0,4654576016.0,99616080.0,31438160.0,0.001938589797925199,memory,0.1193399504844901
176,128,ok,1,0,70421688832.0,1448494864.0,416958224.0,0.02677113022787611,memory,1.6561766926038282
336,4,ok,1,0,8017325456.0,168572240.0,51139920.0,0.0032011767996854112,memory,0.1975207264223499
512,9,ok,1,0,41882693508.0,863022368.0,249559328.0,0.015988046465168177,memory,0.9888613674028804
128,4,ok,0,0,1164587408.0,28050768.0,10990928.0,0.000685939843231619,memory,0.041422210305437954
224,8,ok,0,0,7127909152.0,150342544.0,45935504.0,0.0028668985114360997,memory,0.1768248542387067
224,2,ok,0,0,1781977288.0,40706608.0,14604848.0,0.0008865732679857694,memory,0.05403546247819373
384,209,ok,1,0,547121438116.0,11223819680.0,3209990560.0,0.20704524647965464,memory,12.81108630032728
512,64,ok,0,0,297832487168.0,6111617808.0,1749213968.0,0.11277973717333625,memory,6.978097850879678
176,16,ok,1,0,8802711104.0,184702992.0,55760912.0,0.0034951154904427108,memory,0.21573037281555696
176,9,ok,1,0,4951524996.0,105716000.0,33186080.0,0.0020496745375860083,memory,0.12622213139026028
384,1,ok,0,0,2617805924.0,57843872.0,19500192.0,0.0011868657485847361,memory,0.07271225343740728
256,2,ok,0,0,2327288008.0,51888688.0,17799728.0,0.0010823734282268834,memory,0.0662142177740269
64,1,ok,0,0,73022564.0,5660832.0,4590752.0,0.000533623145114696,launch,0.030417888693210875
288,50,ok,1,0,73632670600.0,1514171696.0,435643696.0,0.027991879992511414,memory,1.7316557201279612
128,64,ok,0,0,18633398528.0,386392848.0,113435408.0,0.007193310772295278,memory,0.44469461579514247
224,64,ok,0,0,57023273216.0,1173611280.0,338354960.0,0.021709350423529568,memory,1.3429206812088959
336,16,ok,1,0,32069301824.0,661805072.0,192075792.0,0.012276419421215825,memory,0.7592002221390945
176,209,ok,1,0,114985413796.0,2362487200.0,678181280.0,0.04361776742700479,memory,2.6986587382279215
224,209,ok,1,0,186216626596.0,3823146400.0,1095512480.0,0.07055634609675426,memory,4.36554146578697
64,4,ok,0,0,292090256.0,10159440.0,5879120.0,0.0005380317654066793,launch,0.031166764107676295
288,2,ok,1,0,2945306824.0,64561712.0,21420592.0,0.0013044204363696957,memory,0.08002463039866112
176,4,ok,1,0,2200677776.0,49296720.0,17061200.0,0.0010366580456447564,memory,0.06337282807792645
400,209,ok,1,0,593659163812.0,12178117024.0,3482646944.0,0.2246451328942845,memory,13.900117187204932
128,50,ok,1,0,14557342600.0,302779696.0,89531696.0,0.005656405141789765,memory,0.34956404353134896
512,16,ok,0,0,74458121792.0,1531025424.0,440424464.0,0.02830684624240712,memory,1.7511198651748678
400,9,ok,1,0,25564270212.0,528398624.0,153952544.0,0.009817314704739386,memory,0.6070300648007207
384,64,ok,0,0,167539579136.0,3439846160.0,985850640.0,0.06350488122803219,memory,3.9291099027933365
224,1,ok,0,0,890988644.0,22433952.0,9383072.0,0.0006047481240410897,launch,0.03626256063185548
288,16,ok,1,0,23562454592.0,487364624.0,142235664.0,0.009059942749858826,memory,0.5601696271239106
288,9,ok,1,0,13253880708.0,275963168.0,81828128.0,0.005168803957169406,memory,0.31935043059982043
32,50,ok,1,0,924574600.0,23227696.0,9659696.0,0.0006095840641586379,launch,0.036621202903099115
400,2,ok,1,0,5680948936.0,120658480.0,37448240.0,0.0023241109222329136,memory,0.143210408875283
384,50,ok,1,0,130890296200.0,2688290096.0,771106096.0,0.0496458210235651,memory,3.071540300573584
256,8,ok,0,0,9309152032.0,195070864.0,58715024.0,0.003685956985356284,memory,0.2275413484814459
512,256,ok,0,0,1191329948672.0,24433987344.0,6984371984.0,0.4506716146372199,memory,27.886027305702303
256,128,ok,0,0,148946432512.0,3058714384.0,877020944.0,0.05646797020059283,memory,3.493733054729852
400,16,ok,1,0,45447591488.0,936138768.0,270456848.0,0.01733562161104812,memory,1.0722508992652857
512,2,ok,0,0,9307265224.0,195019312.0,58694192.0,0.0036857365543418352,memory,0.2275232828476867
288,32,ok,1,0,47124909184.0,970567952.0,280310032.0,0.017968627766234084,memory,1.1114314172850612
512,1,ok,0,0,4653632612.0,99590304.0,31427744.0,0.0019384795824357803,memory,0.11933091766860435
224,256,ok,0,0,228093092864.0,4681961232.0,1340935952.0,0.08638954430546955,memory,5.345289416220285
128,16,ok,0,0,4658349632.0,99719184.0,31479824.0,0.0019390306599038607,memory,0.11937608174920453
128,128,ok,0,0,37266797056.0,768624400.0,222709520.0,0.014232680966401852,memory,0.8803316465541672
336,256,ok,1,0,513108829184.0,10526461712.0,3010793232.0,0.19417831325553422,memory,12.014951756613607
384,384,ok,0,1,1005237474816.0,20618270480.0,5894297360.0,0.38028667681784306,memory,23.530883702032334
384,512,ok,0,1,1340316633088.0,27489640208.0,7857676048.0,0.507005242222059,memory,31.37191959253299
384,768,ok,0,1,2010474949632.0,41232379664.0,11784433424.0,0.7604431938613426,memory,47.054037189767485
384,1024,ok,0,1,2680633266176.0,54975119120.0,15711190800.0,1.0138902423057656,memory,62.73666254246048
384,1280,ok,0,1,3350791582720.0,68717858576.0,19637948176.0,1.267343117102823,memory,78.41961310409309
384,1536,ok,0,1,4020949899264.0,82460598032.0,23564705552.0,1.5207962013570644,memory,94.10257535697627
384,2048,OOM,0,1,5361266532352.0,109946076944.0,31418220304.0,2.0277023700548353,memory,125.46849987330816
512,384,ok,0,1,1786994923008.0,36648900368.0,10474477328.0,0.6759359066599147,memory,41.82481664684161
512,512,ok,0,1,2382659897344.0,48863813392.0,13964582672.0,0.9012042165622177,memory,55.76383025356333
512,768,ok,0,1,3573989846016.0,73293639440.0,20944793360.0,1.3517416566511533,memory,83.64190325273478
512,1024,OOM,0,1,4765319794688.0,97723465488.0,27925004048.0,1.8022881932804526,memory,111.52048399258575
512,1280,OOM,0,1,5956649743360.0,122153291536.0,34905214736.0,2.252840556158871,memory,139.39938993559844
512,1536,OOM,0,1,7147979692032.0,146583117584.0,41885425424.0,2.703393128443371,memory,167.27830756700936
512,2048,OOM,0,1,9530639589376.0,195442769680.0,55845846800.0,3.6044982731257376,memory,223.03614283615894
